{"version": "1", "message": "ERROR: Hidden Testcases server unreachable.", "problem_id": "ads2_m2_a1_1", "user_id": "nehruperumalla1", "score": {"sample": {"0": {"execution_time": 0.31160521507263184, "passed": true}, "1": {"execution_time": 0.35681867599487305, "passed": true}, "2": {"execution_time": 0.28736138343811035, "passed": true}, "3": {"execution_time": 0.296419620513916, "passed": true}, "4": {"execution_time": 0.2670464515686035, "passed": true}, "5": {"execution_time": 0.26116108894348145, "passed": true}, "6": {"execution_time": 0.28308939933776855, "passed": true}, "7": {"execution_time": 0.29822278022766113, "passed": true}, "8": {"execution_time": 0.4574716091156006, "passed": true}, "9": {"execution_time": 0.2899661064147949, "passed": true}, "10": {"execution_time": 0.34763002395629883, "passed": true}, "11": {"execution_time": 0.680253267288208, "passed": true}, "12": {"execution_time": 0.26839375495910645, "passed": true}, "13": {"execution_time": 0.29604530334472656, "passed": true}, "14": {"execution_time": 0.272735595703125, "passed": true}, "15": {"execution_time": 0.3043100833892822, "passed": true}, "16": {"execution_time": 0.320096492767334, "passed": true}, "17": {"execution_time": 0.33326268196105957, "passed": true}, "18": {"execution_time": 0.3757190704345703, "passed": true}, "19": {"execution_time": 0.3824009895324707, "passed": true}, "20": {"execution_time": 0.3503298759460449, "passed": true}, "21": {"execution_time": 0.29012250900268555, "passed": true}, "22": {"execution_time": 0.3917868137359619, "passed": true}, "23": {"execution_time": 0.4015614986419678, "passed": true}}}, "check_style_score": "1/1"}