{"version": "1", "message": "ERROR: Hidden Testcases server unreachable.", "problem_id": "ads2_m2_a1_1", "user_id": "nehruperumalla1", "score": {"sample": {"0": {"execution_time": 1.4101436138153076, "passed": true}, "1": {"execution_time": 0.33736729621887207, "passed": true}, "2": {"execution_time": 0.35709238052368164, "passed": true}, "3": {"execution_time": 0.26966094970703125, "passed": true}, "4": {"execution_time": 0.2556142807006836, "passed": true}, "5": {"execution_time": 0.2759835720062256, "passed": true}, "6": {"execution_time": 0.2695126533508301, "passed": true}, "7": {"execution_time": 0.316425085067749, "passed": true}, "8": {"execution_time": 0.2779386043548584, "passed": true}, "9": {"execution_time": 0.2847940921783447, "passed": true}, "10": {"execution_time": 0.2782399654388428, "passed": true}, "11": {"execution_time": 0.30052971839904785, "passed": true}, "12": {"execution_time": 0.2693362236022949, "passed": true}, "13": {"execution_time": 0.3161044120788574, "passed": true}, "14": {"execution_time": 0.30063939094543457, "passed": true}, "15": {"execution_time": 0.3477296829223633, "passed": true}, "16": {"execution_time": 0.32282280921936035, "passed": true}, "17": {"execution_time": 0.3381657600402832, "passed": true}, "18": {"execution_time": 0.3162727355957031, "passed": true}, "19": {"execution_time": 0.35373663902282715, "passed": true}, "20": {"execution_time": 0.3788738250732422, "passed": true}, "21": {"execution_time": 0.3003811836242676, "passed": true}, "22": {"execution_time": 0.35399699211120605, "passed": true}, "23": {"execution_time": 0.40335822105407715, "passed": true}}}, "check_style_score": "0/1"}