{"version": "1", "message": "ERROR: Hidden Testcases server unreachable.", "problem_id": "ads2_m2_a1_1", "user_id": "nehruperumalla1", "score": {"sample": {"0": {"execution_time": 0.3538517951965332, "passed": true}, "1": {"execution_time": 0.6527600288391113, "passed": true}, "2": {"execution_time": 0.2815210819244385, "passed": true}, "3": {"execution_time": 0.34056663513183594, "passed": true}, "4": {"execution_time": 0.31656551361083984, "passed": true}, "5": {"execution_time": 0.3874092102050781, "passed": true}, "6": {"execution_time": 0.3330116271972656, "passed": true}, "7": {"execution_time": 0.3747878074645996, "passed": true}, "8": {"execution_time": 0.28363871574401855, "passed": true}, "9": {"execution_time": 0.43781042098999023, "passed": true}, "10": {"execution_time": 0.49871325492858887, "passed": true}, "11": {"execution_time": 0.3408060073852539, "passed": true}, "12": {"execution_time": 0.2713453769683838, "passed": true}, "13": {"execution_time": 0.2771596908569336, "passed": true}, "14": {"execution_time": 0.285045862197876, "passed": true}, "15": {"execution_time": 0.3757908344268799, "passed": true}, "16": {"execution_time": 0.32600903511047363, "passed": true}, "17": {"execution_time": 0.38297533988952637, "passed": true}, "18": {"execution_time": 0.33173131942749023, "passed": true}, "19": {"execution_time": 0.35384464263916016, "passed": true}, "20": {"execution_time": 0.347369909286499, "passed": true}, "21": {"execution_time": 0.28476405143737793, "passed": true}, "22": {"execution_time": 0.3948521614074707, "passed": true}, "23": {"execution_time": 0.46852827072143555, "passed": true}}}, "check_style_score": "0/1"}