{"version": "1", "message": "ERROR: Hidden Testcases server unreachable.", "problem_id": "ads2_m2_a1_1", "user_id": "nehruperumalla1", "score": {"sample": {"0": {"execution_time": 0.3520474433898926, "passed": true}, "1": {"execution_time": 0.26296353340148926, "passed": true}, "2": {"execution_time": 0.26981282234191895, "passed": true}, "3": {"execution_time": 0.26926493644714355, "passed": true}, "4": {"execution_time": 0.3005526065826416, "passed": true}, "5": {"execution_time": 0.31627631187438965, "passed": true}, "6": {"execution_time": 0.2859830856323242, "passed": true}, "7": {"execution_time": 0.2713150978088379, "passed": true}, "8": {"execution_time": 0.28496336936950684, "passed": true}, "9": {"execution_time": 0.3631877899169922, "passed": true}, "10": {"execution_time": 0.2538435459136963, "passed": true}, "11": {"execution_time": 0.290494441986084, "passed": true}, "12": {"execution_time": 0.2696812152862549, "passed": true}, "13": {"execution_time": 0.30229926109313965, "passed": true}, "14": {"execution_time": 0.3073303699493408, "passed": true}, "15": {"execution_time": 0.2894301414489746, "passed": true}, "16": {"execution_time": 0.3284571170806885, "passed": true}, "17": {"execution_time": 0.38240790367126465, "passed": true}, "18": {"execution_time": 0.3383934497833252, "passed": true}, "19": {"execution_time": 0.3741323947906494, "passed": true}, "20": {"execution_time": 0.3382141590118408, "passed": true}, "21": {"execution_time": 0.6833415031433105, "passed": true}, "22": {"execution_time": 0.46329402923583984, "passed": true}, "23": {"execution_time": 0.36972761154174805, "passed": true}}}, "check_style_score": "0/1"}