{"version": "1", "message": "ERROR: Hidden Testcases server unreachable.", "problem_id": "ads2_m2_a1_1", "user_id": "nehruperumalla1", "score": {"sample": {"0": {"execution_time": 0.32889866828918457, "passed": true}, "1": {"execution_time": 0.29331183433532715, "passed": true}, "2": {"execution_time": 0.29251694679260254, "passed": true}, "3": {"execution_time": 0.3119494915008545, "passed": true}, "4": {"execution_time": 0.3097808361053467, "passed": true}, "5": {"execution_time": 0.2709016799926758, "passed": true}, "6": {"execution_time": 0.32959985733032227, "passed": true}, "7": {"execution_time": 0.31929492950439453, "passed": true}, "8": {"execution_time": 0.2947063446044922, "passed": true}, "9": {"execution_time": 0.2816166877746582, "passed": true}, "10": {"execution_time": 0.2977287769317627, "passed": true}, "11": {"execution_time": 0.3468003273010254, "passed": true}, "12": {"execution_time": 0.2967352867126465, "passed": true}, "13": {"execution_time": 0.29395627975463867, "passed": true}, "14": {"execution_time": 0.29629063606262207, "passed": true}, "15": {"execution_time": 0.3083620071411133, "passed": true}, "16": {"execution_time": 0.3129594326019287, "passed": true}, "17": {"execution_time": 0.36092686653137207, "passed": true}, "18": {"execution_time": 0.33136582374572754, "passed": true}, "19": {"execution_time": 0.3893911838531494, "passed": true}, "20": {"execution_time": 0.3482017517089844, "passed": true}, "21": {"execution_time": 0.2836155891418457, "passed": true}, "22": {"execution_time": 0.3918931484222412, "passed": true}, "23": {"execution_time": 0.4173762798309326, "passed": true}}}, "check_style_score": "0/1"}