{"version": "1", "message": "ERROR: Hidden Testcases server unreachable.", "problem_id": "ads2_m16_a1_1", "user_id": "nehruperumalla1", "score": {"sample": {"0": {"execution_time": 1.4802556037902832, "passed": true}, "1": {"execution_time": 0.658623456954956, "passed": true}, "2": {"execution_time": 1.548710823059082, "passed": true}, "3": {"execution_time": 1.7411375045776367, "passed": true}, "4": {"execution_time": 1.7890477180480957, "passed": true}, "5": {"execution_time": 1.6527526378631592, "passed": true}, "6": {"execution_time": 1.6570663452148438, "passed": true}, "7": {"execution_time": 1.6333796977996826, "passed": true}, "8": {"execution_time": 0.601555585861206, "passed": true}, "9": {"execution_time": 0.9865634441375732, "passed": true}, "10": {"execution_time": 0.9941625595092773, "passed": true}, "11": {"execution_time": 5.366382360458374, "passed": true}, "12": {"execution_time": 1.0567810535430908, "passed": true}, "13": {"execution_time": 0.5323390960693359, "passed": true}, "14": {"execution_time": 1.6792359352111816, "passed": true}, "15": {"execution_time": 1.7834742069244385, "passed": true}, "16": {"execution_time": 0.747675895690918, "passed": true}, "17": {"execution_time": 0.7330136299133301, "passed": true}, "18": {"execution_time": 0.6372411251068115, "passed": true}, "19": {"execution_time": 0.9080426692962646, "passed": true}, "20": {"execution_time": 1.1109628677368164, "passed": true}, "21": {"execution_time": 0.7718470096588135, "passed": true}, "22": {"execution_time": 0.9260940551757812, "passed": true}, "23": {"execution_time": 0.8611950874328613, "passed": true}, "24": {"execution_time": 0.8784160614013672, "passed": true}, "25": {"execution_time": 2.0910255908966064, "passed": true}, "26": {"execution_time": 1.8513414859771729, "passed": true}, "27": {"execution_time": 2.1025779247283936, "passed": true}, "28": {"execution_time": 2.967561721801758, "passed": true}, "29": {"execution_time": 0.46302032470703125, "passed": true}}}, "check_style_score": "0/1"}