{"version": "1", "message": "ERROR: Hidden Testcases server unreachable.", "problem_id": "ads2_m16_a1_1", "user_id": "nehruperumalla1", "score": {"sample": {"0": {"execution_time": 0.47866296768188477, "passed": true}, "1": {"execution_time": 0.45539236068725586, "passed": true}, "2": {"execution_time": 1.0557034015655518, "passed": true}, "3": {"execution_time": 1.0715265274047852, "passed": true}, "4": {"execution_time": 1.1795289516448975, "passed": true}, "5": {"execution_time": 1.140324592590332, "passed": true}, "6": {"execution_time": 1.0643270015716553, "passed": true}, "7": {"execution_time": 1.0334758758544922, "passed": true}, "8": {"execution_time": 0.5335922241210938, "passed": true}, "9": {"execution_time": 1.0463511943817139, "passed": true}, "10": {"execution_time": 1.1340436935424805, "passed": true}, "11": {"execution_time": 6.446068525314331, "passed": true}, "12": {"execution_time": 1.3298208713531494, "passed": true}, "13": {"execution_time": 0.4388463497161865, "passed": true}, "14": {"execution_time": 1.1186091899871826, "passed": true}, "15": {"execution_time": 1.124678373336792, "passed": true}, "16": {"execution_time": 0.539142370223999, "passed": true}, "17": {"execution_time": 0.736860990524292, "passed": true}, "18": {"execution_time": 0.668954610824585, "passed": true}, "19": {"execution_time": 0.6013748645782471, "passed": true}, "20": {"execution_time": 0.775538444519043, "passed": true}, "21": {"execution_time": 0.5478653907775879, "passed": true}, "22": {"execution_time": 0.6014614105224609, "passed": true}, "23": {"execution_time": 0.5704019069671631, "passed": true}, "24": {"execution_time": 0.4075322151184082, "passed": true}, "25": {"execution_time": 1.515305995941162, "passed": true}, "26": {"execution_time": 1.659883975982666, "passed": true}, "27": {"execution_time": 1.511789083480835, "passed": true}, "28": {"execution_time": 2.0541152954101562, "passed": true}, "29": {"execution_time": 0.4854304790496826, "passed": true}}}, "check_style_score": "0/1"}