{"version": "1", "message": "ERROR: Hidden Testcases server unreachable.", "problem_id": "ads2_m16_a1_1", "user_id": "nehruperumalla1", "score": {"sample": {"0": {"execution_time": 0.7966423034667969, "passed": true}, "1": {"execution_time": 0.7890095710754395, "passed": true}, "2": {"execution_time": 3.0219783782958984, "passed": true}, "3": {"execution_time": 1.5641412734985352, "passed": true}, "4": {"execution_time": 1.020430088043213, "passed": true}, "5": {"execution_time": 1.0177743434906006, "passed": true}, "6": {"execution_time": 1.0177478790283203, "passed": true}, "7": {"execution_time": 1.1182684898376465, "passed": true}, "8": {"execution_time": 0.5638103485107422, "passed": true}, "9": {"execution_time": 1.0714735984802246, "passed": true}, "10": {"execution_time": 1.0556459426879883, "passed": true}, "11": {"execution_time": 5.880908012390137, "passed": true}, "12": {"execution_time": 1.0712952613830566, "passed": true}, "13": {"execution_time": 0.4300503730773926, "passed": true}, "14": {"execution_time": 1.1026246547698975, "passed": true}, "15": {"execution_time": 1.0339109897613525, "passed": true}, "16": {"execution_time": 0.5637834072113037, "passed": true}, "17": {"execution_time": 0.5562803745269775, "passed": true}, "18": {"execution_time": 0.5547783374786377, "passed": true}, "19": {"execution_time": 0.5855357646942139, "passed": true}, "20": {"execution_time": 0.7864670753479004, "passed": true}, "21": {"execution_time": 0.5077762603759766, "passed": true}, "22": {"execution_time": 0.5076990127563477, "passed": true}, "23": {"execution_time": 0.5725011825561523, "passed": true}, "24": {"execution_time": 0.44776272773742676, "passed": true}, "25": {"execution_time": 1.24997878074646, "passed": true}, "26": {"execution_time": 1.017925500869751, "passed": true}, "27": {"execution_time": 1.2563068866729736, "passed": true}, "28": {"execution_time": 2.3069393634796143, "passed": true}, "29": {"execution_time": 0.38512611389160156, "passed": true}}}, "check_style_score": "0/1"}