{"version": "1", "message": "ERROR: Hidden Testcases server unreachable.", "problem_id": "ads2_m6_a1_1", "user_id": "nehruperumalla1", "score": {"sample": {"0": {"execution_time": 0.7051787376403809, "passed": false}, "1": {"execution_time": 0.3368551731109619, "passed": false}, "2": {"execution_time": 0.3434278964996338, "passed": false}, "3": {"execution_time": 0.343853235244751, "passed": false}, "4": {"execution_time": 0.32883262634277344, "passed": false}, "5": {"execution_time": 0.34586024284362793, "passed": false}, "6": {"execution_time": 0.33583784103393555, "passed": false}, "7": {"execution_time": 0.39847588539123535, "passed": false}, "8": {"execution_time": 0.34006619453430176, "passed": false}, "9": {"execution_time": 0.3476223945617676, "passed": false}, "10": {"execution_time": 0.33188939094543457, "passed": false}, "11": {"execution_time": 0.34555578231811523, "passed": false}}}, "check_style_score": "0/1"}