{"version": "1", "message": "ERROR: Hidden Testcases server unreachable.", "problem_id": "ads2_m6_a1_1", "user_id": "nehruperumalla1", "score": {"sample": {"0": {"execution_time": 0.4007604122161865, "passed": false}, "1": {"execution_time": 0.43540453910827637, "passed": false}, "2": {"execution_time": 0.4166877269744873, "passed": false}, "3": {"execution_time": 0.4699220657348633, "passed": false}, "4": {"execution_time": 0.43891143798828125, "passed": false}, "5": {"execution_time": 0.4166743755340576, "passed": true}, "6": {"execution_time": 0.432300329208374, "passed": true}, "7": {"execution_time": 0.46995115280151367, "passed": false}, "8": {"execution_time": 0.4319427013397217, "passed": true}, "9": {"execution_time": 0.4165351390838623, "passed": false}, "10": {"execution_time": 0.4544382095336914, "passed": true}, "11": {"execution_time": 0.47844433784484863, "passed": false}}}, "check_style_score": "0/1"}