{"version": "1", "message": "ERROR: Hidden Testcases server unreachable.", "problem_id": "ads2_m6_a1_1", "user_id": "nehruperumalla1", "score": {"sample": {"0": {"execution_time": 0.3847930431365967, "passed": false}, "1": {"execution_time": 0.36972522735595703, "passed": false}, "2": {"execution_time": 0.4542264938354492, "passed": false}, "3": {"execution_time": 0.4337174892425537, "passed": false}, "4": {"execution_time": 0.3696770668029785, "passed": false}, "5": {"execution_time": 0.41634559631347656, "passed": true}, "6": {"execution_time": 0.36936306953430176, "passed": true}, "7": {"execution_time": 0.3847625255584717, "passed": false}, "8": {"execution_time": 0.38533759117126465, "passed": true}, "9": {"execution_time": 0.41655850410461426, "passed": false}, "10": {"execution_time": 0.3317677974700928, "passed": true}, "11": {"execution_time": 0.43195629119873047, "passed": false}}}, "check_style_score": "0/1"}