{"version": "1", "message": "ERROR: Hidden Testcases server unreachable.", "problem_id": "ads2_m6_a1_1", "user_id": "nehruperumalla1", "score": {"sample": {"0": {"execution_time": 0.4018850326538086, "passed": false}, "1": {"execution_time": 0.4006929397583008, "passed": false}, "2": {"execution_time": 0.5010755062103271, "passed": false}, "3": {"execution_time": 0.4340476989746094, "passed": false}, "4": {"execution_time": 0.5170161724090576, "passed": false}, "5": {"execution_time": 0.43876123428344727, "passed": false}, "6": {"execution_time": 0.40081024169921875, "passed": false}, "7": {"execution_time": 0.5941362380981445, "passed": false}, "8": {"execution_time": 0.40085625648498535, "passed": false}, "9": {"execution_time": 0.40065550804138184, "passed": false}, "10": {"execution_time": 0.42264652252197266, "passed": false}, "11": {"execution_time": 0.42286252975463867, "passed": false}}}, "check_style_score": "0/1"}