{"version": "1", "message": "ERROR: Hidden Testcases server unreachable.", "problem_id": "ads2_m4_a1_1", "user_id": "nehruperumalla1", "score": {"sample": {"0": {"execution_time": 0.7211544513702393, "passed": true}, "1": {"execution_time": 0.35021305084228516, "passed": true}, "2": {"execution_time": 0.41201281547546387, "passed": true}, "3": {"execution_time": 0.4132871627807617, "passed": true}, "4": {"execution_time": 0.3541069030761719, "passed": true}, "5": {"execution_time": 0.3092174530029297, "passed": true}, "6": {"execution_time": 0.3779439926147461, "passed": true}, "7": {"execution_time": 0.2930600643157959, "passed": true}, "8": {"execution_time": 0.35370874404907227, "passed": true}, "9": {"execution_time": 0.28375816345214844, "passed": true}, "10": {"execution_time": 0.29105663299560547, "passed": true}, "11": {"execution_time": 0.30048108100891113, "passed": true}, "12": {"execution_time": 0.2810211181640625, "passed": true}, "13": {"execution_time": 1.6507465839385986, "passed": true}, "14": {"execution_time": 0.28505897521972656, "passed": true}}}, "check_style_score": "0/1"}