{"version": "1", "message": "ERROR: Hidden Testcases server unreachable.", "problem_id": "ads2_m4_a1_1", "user_id": "nehruperumalla1", "score": {"sample": {"0": {"execution_time": 0.41660022735595703, "passed": true}, "1": {"execution_time": 0.39221811294555664, "passed": true}, "2": {"execution_time": 0.4544377326965332, "passed": true}, "3": {"execution_time": 0.43199896812438965, "passed": true}, "4": {"execution_time": 0.38506627082824707, "passed": true}, "5": {"execution_time": 0.35251832008361816, "passed": true}, "6": {"execution_time": 0.36952948570251465, "passed": true}, "7": {"execution_time": 0.31649327278137207, "passed": true}, "8": {"execution_time": 0.48549675941467285, "passed": true}, "9": {"execution_time": 0.27844929695129395, "passed": true}, "10": {"execution_time": 0.30069661140441895, "passed": true}, "11": {"execution_time": 0.2783980369567871, "passed": true}, "12": {"execution_time": 0.28503942489624023, "passed": true}, "13": {"execution_time": 1.6567139625549316, "passed": true}, "14": {"execution_time": 0.29142045974731445, "passed": true}}}, "check_style_score": "0/1"}